id_expedicion,fecha_envio,fecha_prevista,fecha_entrega,cliente,pais,transportista,unidades_pedidas,unidades_entregadas,coste_eur,incidencia
NOVA-00001,2026-07-23,2026-07-27,2026-07-27,Alimentos Sur,Alemania,DHL,16,16,76.50,
NOVA-00002,2026-08-08,2026-08-12,2026-08-11,AutoParts EU,Italia,DHL,19,19,88.79,
NOVA-00003,2026-07-07,2026-07-11,2026-07-11,AutoParts EU,Alemania,GLS,12,12,56.33,
NOVA-00004,2026-09-23,2026-09-25,2026-09-25,Iberdis,España,SEUR,52,52,37.94,
NOVA-00005,2026-08-24,2026-08-27,2026-08-27,FarmaNorte,Portugal,SEUR,8,8,37.08,
NOVA-00006,2026-08-16,2026-08-20,2026-08-19,Iberdis,Italia,DHL,64,64,86.13,
NOVA-00007,2026-08-03,2026-08-07,2026-08-07,Logimarket,Alemania,UPS,49,49,84.75,
NOVA-00008,2026-08-02,2026-08-06,2026-08-06,Logimarket,Alemania,DHL,35,35,83.00,
NOVA-00009,2026-09-16,2026-09-20,2026-09-20,FarmaNorte,Alemania,DB Schenker,31,31,104.97,
NOVA-00010,2026-08-17,2026-08-21,2026-08-21,AutoParts EU,Alemania,DB Schenker,36,36,112.33,
NOVA-00011,2026-08-11,2026-08-13,2026-08-13,ModaLab,España,GLS,5,5,36.26,
NOVA-00012,2026-08-04,2026-08-07,2026-08-06,TecnoRetail,Portugal,DHL,26,26,56.26,
NOVA-00013,2026-08-04,2026-08-06,2026-08-06,Alimentos Sur,España,UPS,53,53,54.43,
NOVA-00014,2026-08-22,2026-08-25,2026-08-25,TecnoRetail,Portugal,SEUR,22,22,42.62,
NOVA-00015,2026-07-19,2026-07-22,2026-07-22,Logimarket,Portugal,DB Schenker,15,15,72.13,
NOVA-00016,2026-08-03,2026-08-06,2026-08-05,FarmaNorte,Portugal,GLS,30,30,43.63,
NOVA-00017,2026-08-15,2026-08-18,2026-08-18,Iberdis,Portugal,GLS,57,57,39.35,
NOVA-00018,2026-09-08,2026-09-12,2026-09-12,Logimarket,Italia,GLS,25,25,44.76,
NOVA-00019,2026-07-12,2026-07-16,2026-07-16,HomeDeco,Italia,DB Schenker,7,7,83.15,
NOVA-00020,2026-07-29,2026-08-01,2026-08-01,FarmaNorte,Portugal,DB Schenker,29,29,78.18,
NOVA-00021,2026-07-08,2026-07-12,2026-07-12,TecnoRetail,Francia,UPS,14,14,73.71,
NOVA-00022,2026-08-25,2026-08-29,2026-08-28,AutoParts EU,Francia,SEUR,8,8,57.04,
NOVA-00023,2026-09-01,2026-09-05,2026-09-05,Iberdis,Francia,SEUR,37,34,54.34,Entrega parcial
NOVA-00024,2026-09-10,2026-09-14,2026-09-13,TecnoRetail,Italia,SEUR,38,38,64.08,
NOVA-00025,2026-09-13,2026-09-17,2026-09-17,TecnoRetail,Alemania,DHL,58,58,107.92,
NOVA-00026,2026-08-16,2026-08-20,2026-08-20,Iberdis,Francia,DHL,37,37,60.03,
NOVA-00027,2026-08-06,2026-08-10,2026-08-12,AutoParts EU,Italia,DB Schenker,29,29,116.40,
NOVA-00028,2026-09-18,2026-09-20,2026-09-19,FarmaNorte,España,SEUR,60,60,41.17,
NOVA-00029,2026-08-06,2026-08-09,2026-08-09,FarmaNorte,Portugal,DHL,48,48,63.26,
NOVA-00030,2026-07-23,2026-07-27,2026-07-26,AutoParts EU,Italia,GLS,44,44,59.52,
NOVA-00031,2026-07-11,2026-07-14,2026-07-13,Alimentos Sur,Portugal,DHL,28,28,46.97,
NOVA-00032,2026-08-14,2026-08-18,2026-08-22,ModaLab,Italia,SEUR,12,12,54.16,Retraso en tránsito
NOVA-00033,2026-07-17,2026-07-21,2026-07-24,FarmaNorte,Alemania,DHL,57,57,92.61,Aduanas
NOVA-00034,2026-09-01,2026-09-04,2026-09-04,HomeDeco,Portugal,DB Schenker,36,36,77.52,
NOVA-00035,2026-07-30,2026-08-03,2026-08-03,FarmaNorte,Alemania,DB Schenker,35,35,134.67,
NOVA-00036,2026-07-13,2026-07-16,2026-07-16,TecnoRetail,Portugal,GLS,50,50,43.06,
NOVA-00037,2026-07-17,2026-07-21,2026-07-20,HomeDeco,Francia,DHL,26,26,64.33,
NOVA-00038,2026-08-31,2026-09-04,2026-09-03,AutoParts EU,Alemania,UPS,32,32,111.48,
NOVA-00039,2026-09-08,2026-09-10,2026-09-10,Logimarket,España,DB Schenker,55,55,61.32,
NOVA-00040,2026-09-07,2026-09-11,2026-09-11,Alimentos Sur,Alemania,SEUR,27,27,71.20,
NOVA-00041,2026-07-23,2026-07-27,2026-07-27,Alimentos Sur,Alemania,DB Schenker,53,51,137.55,Entrega parcial
NOVA-00042,2026-09-21,2026-09-24,2026-09-23,FarmaNorte,Portugal,GLS,28,28,34.45,
NOVA-00043,2026-07-01,2026-07-04,2026-07-05,AutoParts EU,Portugal,UPS,41,41,64.15,Retraso en tránsito
NOVA-00044,2026-09-20,2026-09-22,2026-09-21,AutoParts EU,España,GLS,56,56,38.25,
NOVA-00045,2026-09-13,2026-09-15,2026-09-14,TecnoRetail,España,GLS,50,50,32.98,
NOVA-00046,2026-09-17,2026-09-20,2026-09-20,HomeDeco,Portugal,DHL,38,38,52.89,
NOVA-00047,2026-07-07,2026-07-11,2026-07-11,Logimarket,Italia,UPS,58,58,84.40,
NOVA-00048,2026-08-09,2026-08-11,2026-08-11,Logimarket,España,SEUR,50,50,36.09,
NOVA-00049,2026-07-20,2026-07-23,2026-07-23,AutoParts EU,Portugal,SEUR,11,11,35.50,
NOVA-00050,2026-08-28,2026-09-01,2026-09-01,AutoParts EU,Francia,DB Schenker,42,42,90.52,
NOVA-00051,2026-07-22,2026-07-26,2026-07-26,TecnoRetail,Italia,UPS,5,5,79.72,
NOVA-00052,2026-09-17,2026-09-21,2026-09-21,TecnoRetail,Alemania,DHL,56,56,89.06,
NOVA-00053,2026-08-24,2026-08-26,2026-08-25,Alimentos Sur,España,DB Schenker,48,48,68.96,
NOVA-00054,2026-09-20,2026-09-24,2026-09-24,Alimentos Sur,Alemania,GLS,11,11,53.42,
NOVA-00055,2026-09-21,2026-09-25,2026-09-25,AutoParts EU,Alemania,GLS,42,42,57.92,
NOVA-00056,2026-08-26,2026-08-29,2026-09-02,TecnoRetail,Portugal,SEUR,34,34,50.48,Retraso en tránsito
NOVA-00057,2026-08-28,2026-08-30,2026-08-30,TecnoRetail,España,DHL,10,10,36.65,
NOVA-00058,2026-09-05,2026-09-08,2026-09-08,TecnoRetail,Portugal,DHL,43,43,68.39,
NOVA-00059,2026-08-06,2026-08-10,2026-08-10,TecnoRetail,Alemania,UPS,16,16,88.29,
NOVA-00060,2026-08-13,2026-08-15,2026-08-15,ModaLab,España,GLS,46,46,35.45,
NOVA-00061,2026-07-03,2026-07-07,2026-07-07,Alimentos Sur,Italia,SEUR,40,40,68.57,
NOVA-00062,2026-08-06,2026-08-10,2026-08-09,HomeDeco,Italia,UPS,23,23,96.06,
NOVA-00063,2026-08-23,2026-08-26,2026-08-26,HomeDeco,Portugal,GLS,38,38,34.02,
NOVA-00064,2026-08-31,2026-09-04,2026-09-04,TecnoRetail,Alemania,UPS,10,10,104.52,
NOVA-00065,2026-09-02,2026-09-05,2026-09-08,Iberdis,Portugal,DHL,36,36,56.60,Aduanas
NOVA-00066,2026-09-18,2026-09-22,2026-09-22,Iberdis,Alemania,DB Schenker,64,64,110.72,
NOVA-00067,2026-08-14,2026-08-16,2026-08-16,Iberdis,España,UPS,59,59,61.95,
NOVA-00068,2026-07-02,2026-07-04,2026-07-03,Iberdis,España,DHL,19,19,38.10,
NOVA-00069,2026-07-23,2026-07-27,2026-07-27,HomeDeco,Alemania,SEUR,53,53,58.70,
NOVA-00070,2026-07-02,2026-07-05,2026-07-06,FarmaNorte,Portugal,GLS,52,49,43.67,Entrega parcial
NOVA-00071,2026-07-29,2026-08-02,2026-08-06,Iberdis,Alemania,SEUR,33,33,66.84,Retraso en tránsito
NOVA-00072,2026-08-26,2026-08-28,2026-08-28,Logimarket,España,DHL,30,30,43.85,
NOVA-00073,2026-09-10,2026-09-12,2026-09-12,TecnoRetail,España,DHL,42,42,45.79,
NOVA-00074,2026-07-08,2026-07-11,2026-07-10,HomeDeco,Portugal,GLS,44,44,44.76,
NOVA-00075,2026-07-31,2026-08-04,2026-08-04,AutoParts EU,Francia,DHL,23,23,53.92,
NOVA-00076,2026-08-12,2026-08-16,2026-08-16,Logimarket,Francia,SEUR,36,36,53.58,
NOVA-00077,2026-09-14,2026-09-17,2026-09-17,AutoParts EU,Portugal,GLS,9,9,43.73,
NOVA-00078,2026-09-07,2026-09-11,2026-09-11,ModaLab,Francia,SEUR,47,47,67.16,
NOVA-00079,2026-07-31,2026-08-03,2026-08-03,AutoParts EU,Portugal,DHL,36,36,67.17,
NOVA-00080,2026-07-28,2026-07-30,2026-07-30,Logimarket,España,SEUR,60,60,43.85,
NOVA-00081,2026-08-10,2026-08-12,2026-08-11,Iberdis,España,SEUR,26,26,43.60,
NOVA-00082,2026-07-06,2026-07-10,2026-07-10,Logimarket,Italia,SEUR,60,60,64.48,
NOVA-00083,2026-07-13,2026-07-17,2026-07-17,FarmaNorte,Alemania,DHL,23,23,84.52,
NOVA-00084,2026-09-13,2026-09-15,2026-09-16,AutoParts EU,España,DB Schenker,8,8,72.61,Retraso en tránsito
NOVA-00085,2026-08-21,2026-08-25,2026-08-24,HomeDeco,Francia,GLS,18,18,38.14,
NOVA-00086,2026-09-22,2026-09-26,2026-09-26,FarmaNorte,Italia,UPS,15,15,82.77,
NOVA-00087,2026-08-08,2026-08-10,2026-08-12,Logimarket,España,UPS,19,19,45.53,Retraso en tránsito
NOVA-00088,2026-08-09,2026-08-11,2026-08-12,Alimentos Sur,España,GLS,19,19,36.55,Retraso en tránsito
NOVA-00089,2026-08-05,2026-08-09,2026-08-09,HomeDeco,Alemania,SEUR,48,48,58.82,
NOVA-00090,2026-07-02,2026-07-06,2026-07-05,Alimentos Sur,Italia,DHL,7,7,58.45,
NOVA-00091,2026-07-26,2026-07-28,2026-07-28,Logimarket,España,UPS,45,42,47.40,Entrega parcial
NOVA-00092,2026-08-25,2026-08-28,2026-08-29,Iberdis,Portugal,SEUR,49,49,44.27,
NOVA-00093,2026-08-09,2026-08-13,2026-08-13,Iberdis,Francia,GLS,17,17,50.45,
NOVA-00094,2026-09-05,2026-09-09,2026-09-09,Iberdis,Francia,DHL,49,49,58.26,
NOVA-00095,2026-08-08,2026-08-12,2026-08-12,AutoParts EU,Francia,SEUR,45,44,44.62,Entrega parcial
NOVA-00096,2026-08-03,2026-08-07,2026-08-06,FarmaNorte,Francia,GLS,5,5,51.03,
NOVA-00097,2026-09-21,2026-09-25,2026-09-24,Logimarket,Alemania,DB Schenker,18,18,123.67,
NOVA-00098,2026-08-09,2026-08-13,2026-08-13,Iberdis,Alemania,DB Schenker,40,40,122.00,
NOVA-00099,2026-07-11,2026-07-15,2026-07-15,HomeDeco,Francia,UPS,63,63,69.04,
NOVA-00100,2026-07-06,2026-07-10,2026-07-10,Logimarket,Francia,UPS,27,27,65.68,
NOVA-00101,2026-07-18,2026-07-21,2026-07-20,Logimarket,Portugal,SEUR,40,36,43.10,Entrega parcial
NOVA-00102,2026-07-31,2026-08-02,2026-08-01,Iberdis,España,GLS,59,59,38.51,
NOVA-00103,2026-08-04,2026-08-08,2026-08-08,ModaLab,Francia,SEUR,46,46,44.54,
NOVA-00104,2026-07-22,2026-07-26,2026-07-26,HomeDeco,Alemania,GLS,36,36,54.89,
NOVA-00105,2026-08-02,2026-08-05,2026-08-06,Iberdis,Portugal,DHL,56,56,56.84,Retraso en tránsito
NOVA-00106,2026-08-05,2026-08-09,2026-08-08,Iberdis,Alemania,UPS,9,9,118.66,
NOVA-00107,2026-07-21,2026-07-25,2026-07-25,Iberdis,Alemania,UPS,59,59,91.80,
NOVA-00108,2026-08-06,2026-08-10,2026-08-10,ModaLab,Italia,GLS,14,14,49.72,
NOVA-00109,2026-07-09,2026-07-12,2026-07-12,Alimentos Sur,Portugal,DB Schenker,16,15,67.00,Entrega parcial
NOVA-00110,2026-07-23,2026-07-25,2026-07-25,TecnoRetail,España,SEUR,56,56,34.34,
NOVA-00111,2026-09-16,2026-09-18,2026-09-18,Alimentos Sur,España,UPS,33,33,44.11,
NOVA-00112,2026-07-26,2026-07-29,2026-07-29,Logimarket,Portugal,GLS,64,64,53.25,
NOVA-00113,2026-09-21,2026-09-23,2026-09-23,HomeDeco,España,DHL,23,23,53.15,
NOVA-00114,2026-08-12,2026-08-16,2026-08-16,AutoParts EU,Francia,GLS,8,4,43.27,Entrega parcial
NOVA-00115,2026-09-17,2026-09-21,2026-09-20,Alimentos Sur,Alemania,UPS,31,31,113.48,
NOVA-00116,2026-08-08,2026-08-12,2026-08-12,Iberdis,Alemania,SEUR,24,24,70.29,
NOVA-00117,2026-07-24,2026-07-27,2026-07-27,Alimentos Sur,Portugal,UPS,41,41,58.38,
NOVA-00118,2026-08-20,2026-08-24,2026-08-24,FarmaNorte,Alemania,GLS,22,22,53.16,
NOVA-00119,2026-08-31,2026-09-03,2026-09-03,AutoParts EU,Portugal,GLS,57,57,46.45,
NOVA-00120,2026-09-18,2026-09-22,2026-09-22,Alimentos Sur,Italia,UPS,38,38,81.45,
NOVA-00121,2026-07-29,2026-08-01,2026-07-31,Iberdis,Portugal,GLS,60,60,35.97,
NOVA-00122,2026-08-18,2026-08-21,2026-08-25,AutoParts EU,Portugal,DHL,16,16,57.01,Retraso en tránsito
NOVA-00123,2026-08-20,2026-08-23,2026-08-23,Iberdis,Portugal,UPS,17,17,51.28,
NOVA-00124,2026-08-15,2026-08-19,2026-08-19,ModaLab,Italia,GLS,9,9,58.21,
NOVA-00125,2026-07-20,2026-07-24,2026-07-24,Logimarket,Francia,SEUR,39,39,60.55,
NOVA-00126,2026-09-10,2026-09-13,2026-09-12,Alimentos Sur,Portugal,DHL,13,13,64.08,
NOVA-00127,2026-09-01,2026-09-05,2026-09-04,Alimentos Sur,Italia,DHL,51,51,98.46,
NOVA-00128,2026-07-27,2026-07-29,2026-07-28,Logimarket,España,DB Schenker,10,10,49.96,
NOVA-00129,2026-08-19,2026-08-22,2026-08-22,FarmaNorte,Portugal,UPS,5,5,66.20,
NOVA-00130,2026-09-06,2026-09-08,2026-09-07,TecnoRetail,España,SEUR,20,20,30.16,
NOVA-00131,2026-09-20,2026-09-24,2026-09-27,TecnoRetail,Italia,SEUR,26,26,67.10,Retraso en tránsito
NOVA-00132,2026-08-19,2026-08-21,2026-08-21,TecnoRetail,España,GLS,37,37,30.19,
NOVA-00133,2026-07-01,2026-07-04,2026-07-07,HomeDeco,Portugal,GLS,53,53,36.62,Aduanas
NOVA-00134,2026-08-18,2026-08-22,2026-08-22,AutoParts EU,Italia,SEUR,50,50,69.90,
NOVA-00135,2026-07-02,2026-07-06,2026-07-09,Iberdis,Francia,DB Schenker,45,45,105.90,
NOVA-00136,2026-08-25,2026-08-29,2026-08-29,TecnoRetail,Francia,DB Schenker,51,51,112.04,
NOVA-00137,2026-08-27,2026-08-31,2026-09-02,HomeDeco,Alemania,GLS,61,61,70.18,Retraso en tránsito
NOVA-00138,2026-09-13,2026-09-15,2026-09-16,TecnoRetail,España,GLS,64,64,39.89,Retraso en tránsito
NOVA-00139,2026-09-10,2026-09-14,2026-09-14,Logimarket,Alemania,UPS,56,56,121.31,
NOVA-00140,2026-07-29,2026-08-02,2026-08-02,Alimentos Sur,Italia,UPS,27,27,77.39,
NOVA-00141,2026-07-16,2026-07-20,2026-07-24,FarmaNorte,Alemania,SEUR,14,14,58.59,
NOVA-00142,2026-08-19,2026-08-23,2026-08-23,FarmaNorte,Alemania,DHL,33,33,77.03,
NOVA-00143,2026-09-03,2026-09-05,2026-09-05,Alimentos Sur,España,SEUR,14,14,29.54,
NOVA-00144,2026-07-01,2026-07-04,2026-07-04,TecnoRetail,Portugal,GLS,18,18,33.75,
NOVA-00145,2026-08-11,2026-08-14,2026-08-18,Logimarket,Portugal,GLS,19,19,42.88,
NOVA-00146,2026-07-08,2026-07-12,2026-07-14,Logimarket,Alemania,DB Schenker,54,54,131.64,Retraso en tránsito
NOVA-00147,2026-07-07,2026-07-09,2026-07-09,Iberdis,España,DB Schenker,62,62,74.44,
NOVA-00148,2026-09-02,2026-09-04,2026-09-04,Iberdis,España,DB Schenker,49,49,75.61,
NOVA-00149,2026-09-01,2026-09-03,2026-09-03,FarmaNorte,España,DHL,58,54,59.95,Entrega parcial
NOVA-00150,2026-07-26,2026-07-30,2026-07-30,HomeDeco,Italia,GLS,9,9,41.59,
NOVA-00151,2026-08-27,2026-08-31,2026-09-04,TecnoRetail,Alemania,DB Schenker,27,27,122.62,Retraso en tránsito
NOVA-00152,2026-09-03,2026-09-07,2026-09-07,TecnoRetail,Italia,UPS,63,63,90.05,
NOVA-00153,2026-07-05,2026-07-07,2026-07-07,AutoParts EU,España,SEUR,14,14,39.95,
NOVA-00154,2026-09-21,2026-09-25,2026-09-24,AutoParts EU,Italia,UPS,39,39,71.20,
NOVA-00155,2026-08-24,2026-08-27,2026-08-26,TecnoRetail,Portugal,UPS,13,13,60.24,
NOVA-00156,2026-07-26,2026-07-30,2026-07-30,AutoParts EU,Italia,UPS,62,62,106.17,
NOVA-00157,2026-08-20,2026-08-22,2026-08-25,ModaLab,España,DB Schenker,38,38,60.31,Retraso en tránsito
NOVA-00158,2026-07-01,2026-07-03,2026-07-03,Logimarket,España,DB Schenker,25,25,66.32,
NOVA-00159,2026-07-21,2026-07-23,2026-07-23,FarmaNorte,España,UPS,19,19,43.03,
NOVA-00160,2026-08-25,2026-08-27,2026-08-31,AutoParts EU,España,UPS,45,45,45.66,
NOVA-00161,2026-08-04,2026-08-08,2026-08-08,Iberdis,Italia,GLS,50,50,66.18,
NOVA-00162,2026-08-12,2026-08-15,2026-08-15,Iberdis,Portugal,DHL,51,51,64.64,
NOVA-00163,2026-09-15,2026-09-19,2026-09-19,Iberdis,Alemania,UPS,60,60,101.73,
NOVA-00164,2026-08-22,2026-08-26,2026-08-25,FarmaNorte,Alemania,GLS,9,9,55.06,
NOVA-00165,2026-07-31,2026-08-04,2026-08-04,TecnoRetail,Francia,DHL,33,33,79.26,
NOVA-00166,2026-09-05,2026-09-09,2026-09-09,FarmaNorte,Italia,SEUR,61,61,57.17,
NOVA-00167,2026-09-16,2026-09-20,2026-09-23,Iberdis,Alemania,SEUR,9,9,72.95,Retraso en tránsito
NOVA-00168,2026-08-07,2026-08-11,2026-08-10,TecnoRetail,Alemania,DB Schenker,20,20,87.45,
NOVA-00169,2026-08-09,2026-08-13,2026-08-15,HomeDeco,Alemania,SEUR,49,49,81.47,Retraso en tránsito
NOVA-00170,2026-07-20,2026-07-24,2026-07-23,FarmaNorte,Francia,UPS,36,36,86.12,
NOVA-00171,2026-07-27,2026-07-29,2026-07-29,AutoParts EU,España,GLS,32,32,38.71,
NOVA-00172,2026-09-08,2026-09-10,2026-09-10,AutoParts EU,España,DB Schenker,32,32,68.13,
NOVA-00173,2026-09-11,2026-09-14,2026-09-16,HomeDeco,Portugal,DB Schenker,63,63,77.45,Retraso en tránsito
NOVA-00174,2026-08-18,2026-08-22,2026-08-22,ModaLab,Italia,UPS,58,58,99.14,
NOVA-00175,2026-08-01,2026-08-05,2026-08-05,AutoParts EU,Alemania,DHL,48,48,73.49,
NOVA-00176,2026-08-17,2026-08-19,2026-08-18,TecnoRetail,España,DB Schenker,54,54,70.24,
NOVA-00177,2026-07-06,2026-07-10,2026-07-11,ModaLab,Alemania,GLS,27,27,71.12,Retraso en tránsito
NOVA-00178,2026-08-11,2026-08-15,2026-08-18,Iberdis,Italia,DB Schenker,36,34,99.07,Entrega parcial
NOVA-00179,2026-07-19,2026-07-23,2026-07-23,ModaLab,Italia,SEUR,34,34,48.23,Dirección incorrecta
NOVA-00180,2026-07-19,2026-07-23,2026-07-23,TecnoRetail,Italia,DHL,32,32,85.50,
NOVA-00181,2026-08-30,2026-09-02,2026-09-01,AutoParts EU,Portugal,UPS,20,20,50.27,
NOVA-00182,2026-08-19,2026-08-22,2026-08-25,TecnoRetail,Portugal,DB Schenker,14,14,69.08,Aduanas
NOVA-00183,2026-07-08,2026-07-10,2026-07-10,Alimentos Sur,España,DB Schenker,19,19,65.61,
NOVA-00184,2026-09-10,2026-09-14,2026-09-14,ModaLab,Francia,DHL,53,53,64.02,
NOVA-00185,2026-08-12,2026-08-16,2026-08-16,Iberdis,Alemania,UPS,35,35,121.79,
NOVA-00186,2026-08-18,2026-08-20,2026-08-20,Logimarket,España,GLS,40,40,35.50,
NOVA-00187,2026-08-06,2026-08-09,2026-08-08,TecnoRetail,Portugal,SEUR,25,23,36.79,Entrega parcial
NOVA-00188,2026-08-09,2026-08-13,2026-08-13,TecnoRetail,Alemania,SEUR,61,61,60.15,
NOVA-00189,2026-07-09,2026-07-11,2026-07-11,Logimarket,España,GLS,36,36,31.23,
NOVA-00190,2026-07-05,2026-07-07,2026-07-07,Iberdis,España,DHL,19,19,44.21,
NOVA-00191,2026-07-14,2026-07-16,2026-07-16,Iberdis,España,GLS,18,18,29.85,
NOVA-00192,2026-07-26,2026-07-30,2026-07-31,FarmaNorte,Italia,DB Schenker,51,51,97.20,
NOVA-00193,2026-09-03,2026-09-07,2026-09-06,Iberdis,Alemania,DHL,17,17,94.31,
NOVA-00194,2026-08-17,2026-08-21,2026-08-21,Alimentos Sur,Alemania,SEUR,43,43,67.18,
NOVA-00195,2026-09-22,2026-09-26,2026-09-25,HomeDeco,Italia,UPS,37,37,96.28,
NOVA-00196,2026-09-17,2026-09-19,2026-09-19,TecnoRetail,España,DB Schenker,60,60,55.47,Daño en mercancía
NOVA-00197,2026-08-27,2026-08-31,2026-08-31,HomeDeco,Italia,DHL,56,56,99.40,
NOVA-00198,2026-07-11,2026-07-15,2026-07-15,AutoParts EU,Italia,GLS,54,54,59.62,
NOVA-00199,2026-09-14,2026-09-18,2026-09-18,ModaLab,Alemania,SEUR,13,13,68.87,
NOVA-00200,2026-09-17,2026-09-21,2026-09-21,Logimarket,Italia,DB Schenker,60,60,107.49,
NOVA-00201,2026-09-08,2026-09-12,2026-09-12,Logimarket,Alemania,UPS,34,34,108.54,
NOVA-00202,2026-07-21,2026-07-25,2026-07-25,HomeDeco,Francia,UPS,9,9,65.29,
NOVA-00203,2026-08-08,2026-08-10,2026-08-09,FarmaNorte,España,UPS,12,12,52.93,
NOVA-00204,2026-07-11,2026-07-15,2026-07-15,Logimarket,Francia,DB Schenker,36,36,76.35,
NOVA-00205,2026-09-03,2026-09-05,2026-09-05,Iberdis,España,GLS,64,64,33.35,
NOVA-00206,2026-07-19,2026-07-21,2026-07-20,TecnoRetail,España,DHL,57,57,51.66,
NOVA-00207,2026-09-22,2026-09-25,2026-09-25,Alimentos Sur,Portugal,DB Schenker,50,50,77.70,
NOVA-00208,2026-08-27,2026-08-31,2026-08-31,AutoParts EU,Francia,DB Schenker,42,42,112.97,
NOVA-00209,2026-07-23,2026-07-26,2026-07-26,Alimentos Sur,Portugal,DHL,57,57,53.37,Daño en mercancía
NOVA-00210,2026-09-20,2026-09-24,2026-09-24,AutoParts EU,Italia,GLS,61,61,51.17,
NOVA-00211,2026-08-11,2026-08-15,2026-08-14,AutoParts EU,Francia,UPS,48,48,68.53,
NOVA-00212,2026-07-18,2026-07-21,2026-07-21,TecnoRetail,Portugal,SEUR,62,62,44.26,
NOVA-00213,2026-07-11,2026-07-15,2026-07-15,FarmaNorte,Italia,DHL,57,57,95.39,
NOVA-00214,2026-07-18,2026-07-21,2026-07-21,AutoParts EU,Portugal,UPS,43,43,78.85,
NOVA-00215,2026-08-27,2026-08-31,2026-08-31,Alimentos Sur,Italia,SEUR,6,6,62.42,Daño en mercancía
NOVA-00216,2026-07-31,2026-08-02,2026-08-01,ModaLab,España,UPS,34,34,57.66,
NOVA-00217,2026-08-20,2026-08-22,2026-08-23,FarmaNorte,España,UPS,14,14,43.08,Retraso en tránsito
NOVA-00218,2026-09-11,2026-09-13,2026-09-12,TecnoRetail,España,UPS,20,20,53.85,
NOVA-00219,2026-07-09,2026-07-11,2026-07-11,FarmaNorte,España,GLS,30,30,27.73,
NOVA-00220,2026-09-05,2026-09-09,2026-09-08,Iberdis,Francia,DB Schenker,55,55,93.17,
NOVA-00221,2026-08-09,2026-08-12,2026-08-11,Logimarket,Portugal,UPS,13,13,64.94,
NOVA-00222,2026-07-29,2026-08-02,2026-08-02,TecnoRetail,Italia,GLS,45,45,51.39,
NOVA-00223,2026-09-23,2026-09-27,2026-09-27,Logimarket,Francia,GLS,17,17,42.96,
NOVA-00224,2026-07-12,2026-07-15,2026-07-17,FarmaNorte,Portugal,DB Schenker,63,63,83.03,Retraso en tránsito
NOVA-00225,2026-08-24,2026-08-28,2026-08-28,Iberdis,Alemania,DHL,50,50,102.59,
NOVA-00226,2026-09-10,2026-09-14,2026-09-14,FarmaNorte,Francia,UPS,36,36,68.76,
NOVA-00227,2026-07-03,2026-07-06,2026-07-05,ModaLab,Portugal,SEUR,15,15,36.74,
NOVA-00228,2026-07-07,2026-07-11,2026-07-15,AutoParts EU,Alemania,SEUR,15,15,78.03,Retraso en tránsito
NOVA-00229,2026-08-18,2026-08-20,2026-08-20,AutoParts EU,España,GLS,64,64,42.42,
NOVA-00230,2026-07-02,2026-07-04,2026-07-04,Logimarket,España,UPS,38,38,46.62,
NOVA-00231,2026-07-18,2026-07-22,2026-07-21,AutoParts EU,Italia,DB Schenker,31,31,81.24,
NOVA-00232,2026-09-13,2026-09-17,2026-09-17,Alimentos Sur,Alemania,SEUR,23,23,68.94,
NOVA-00233,2026-09-05,2026-09-08,2026-09-07,FarmaNorte,Portugal,UPS,15,14,54.46,Entrega parcial
NOVA-00234,2026-09-04,2026-09-08,2026-09-08,ModaLab,Alemania,DHL,22,22,98.23,
NOVA-00235,2026-08-22,2026-08-26,2026-08-26,AutoParts EU,Francia,UPS,28,28,96.67,
NOVA-00236,2026-07-15,2026-07-17,2026-07-17,FarmaNorte,España,GLS,10,10,36.45,
NOVA-00237,2026-08-19,2026-08-23,2026-08-22,Alimentos Sur,Alemania,DHL,14,14,80.57,
NOVA-00238,2026-08-13,2026-08-17,2026-08-19,Iberdis,Francia,GLS,13,13,56.23,Aduanas
NOVA-00239,2026-09-03,2026-09-07,2026-09-06,FarmaNorte,Francia,UPS,27,27,82.10,
NOVA-00240,2026-07-14,2026-07-18,2026-07-18,ModaLab,Francia,UPS,37,37,81.07,
NOVA-00241,2026-07-31,2026-08-03,2026-08-03,AutoParts EU,Portugal,UPS,32,32,74.87,
NOVA-00242,2026-08-10,2026-08-13,2026-08-15,Iberdis,Portugal,GLS,54,54,44.25,
NOVA-00243,2026-09-01,2026-09-03,2026-09-03,HomeDeco,España,DHL,54,54,49.07,
NOVA-00244,2026-08-14,2026-08-16,2026-08-15,Logimarket,España,DHL,27,27,46.12,
NOVA-00245,2026-08-04,2026-08-08,2026-08-11,Iberdis,Alemania,DB Schenker,40,40,116.98,Retraso en tránsito
NOVA-00246,2026-08-02,2026-08-04,2026-08-03,FarmaNorte,España,UPS,32,32,52.17,
NOVA-00247,2026-08-14,2026-08-18,2026-08-18,ModaLab,Francia,SEUR,17,17,47.44,
NOVA-00248,2026-08-28,2026-09-01,2026-09-01,Iberdis,Alemania,DHL,51,51,109.34,
NOVA-00249,2026-08-20,2026-08-24,2026-08-24,Logimarket,Francia,UPS,47,47,73.40,Dirección incorrecta
NOVA-00250,2026-09-14,2026-09-16,2026-09-16,TecnoRetail,España,GLS,28,28,32.28,
NOVA-00251,2026-07-30,2026-08-03,2026-08-03,HomeDeco,Alemania,DHL,20,20,76.15,
NOVA-00252,2026-08-27,2026-08-30,2026-08-30,TecnoRetail,Portugal,DB Schenker,55,55,71.83,
NOVA-00253,2026-07-09,2026-07-13,2026-07-13,AutoParts EU,Francia,DHL,64,64,74.21,
NOVA-00254,2026-08-07,2026-08-11,2026-08-11,TecnoRetail,Francia,UPS,19,19,85.79,
NOVA-00255,2026-09-09,2026-09-13,2026-09-13,AutoParts EU,Francia,DB Schenker,16,16,94.19,
NOVA-00256,2026-07-24,2026-07-27,2026-07-26,AutoParts EU,Portugal,UPS,51,51,69.23,
NOVA-00257,2026-08-31,2026-09-02,2026-09-04,HomeDeco,España,DB Schenker,55,55,56.98,Retraso en tránsito
NOVA-00258,2026-07-28,2026-08-01,2026-07-31,HomeDeco,Francia,DHL,44,44,87.42,
NOVA-00259,2026-08-25,2026-08-27,2026-08-26,Iberdis,España,DB Schenker,62,62,62.35,
NOVA-00260,2026-08-05,2026-08-07,2026-08-06,Alimentos Sur,España,UPS,56,54,55.41,Entrega parcial
NOVA-00261,2026-09-21,2026-09-25,2026-09-28,ModaLab,Francia,DB Schenker,61,61,92.34,Retraso en tránsito
NOVA-00262,2026-07-03,2026-07-05,2026-07-05,Iberdis,España,DB Schenker,24,20,51.50,Entrega parcial
NOVA-00263,2026-08-24,2026-08-27,2026-08-26,AutoParts EU,Portugal,DB Schenker,55,55,92.46,
NOVA-00264,2026-08-14,2026-08-18,2026-08-18,AutoParts EU,Italia,UPS,63,63,74.86,Dirección incorrecta
NOVA-00265,2026-07-06,2026-07-08,2026-07-07,AutoParts EU,España,GLS,14,14,27.94,
NOVA-00266,2026-07-11,2026-07-15,2026-07-14,Iberdis,Francia,DB Schenker,11,11,103.83,
NOVA-00267,2026-08-29,2026-09-02,2026-09-02,TecnoRetail,Alemania,UPS,50,50,83.36,
NOVA-00268,2026-08-11,2026-08-15,2026-08-15,ModaLab,Alemania,SEUR,58,58,57.05,
NOVA-00269,2026-08-03,2026-08-07,2026-08-06,FarmaNorte,Francia,DB Schenker,44,43,89.96,Entrega parcial
NOVA-00270,2026-08-07,2026-08-11,2026-08-10,Iberdis,Francia,DHL,20,20,65.85,
NOVA-00271,2026-07-08,2026-07-10,2026-07-11,Iberdis,España,SEUR,27,27,40.75,
NOVA-00272,2026-07-20,2026-07-22,2026-07-21,FarmaNorte,España,SEUR,16,16,37.81,
NOVA-00273,2026-07-14,2026-07-17,2026-07-17,Alimentos Sur,Portugal,DHL,62,62,67.12,
NOVA-00274,2026-07-09,2026-07-12,2026-07-16,Iberdis,Portugal,DB Schenker,48,48,84.52,Retraso en tránsito
NOVA-00275,2026-08-17,2026-08-21,2026-08-21,AutoParts EU,Italia,UPS,40,40,100.37,
NOVA-00276,2026-08-27,2026-08-30,2026-08-30,FarmaNorte,Portugal,SEUR,22,22,33.97,
NOVA-00277,2026-07-10,2026-07-14,2026-07-14,TecnoRetail,Italia,SEUR,47,47,64.48,
NOVA-00278,2026-08-25,2026-08-28,2026-08-27,FarmaNorte,Portugal,UPS,9,9,75.65,
NOVA-00279,2026-08-31,2026-09-04,2026-09-04,AutoParts EU,Italia,DB Schenker,34,34,99.04,
NOVA-00280,2026-07-22,2026-07-26,2026-07-26,HomeDeco,Francia,SEUR,50,50,65.42,
NOVA-00281,2026-08-31,2026-09-04,2026-09-04,Alimentos Sur,Italia,DHL,13,13,67.03,
NOVA-00282,2026-09-04,2026-09-08,2026-09-08,FarmaNorte,Alemania,DHL,8,8,95.54,
NOVA-00283,2026-08-10,2026-08-14,2026-08-13,FarmaNorte,Italia,GLS,50,50,64.73,
NOVA-00284,2026-08-14,2026-08-18,2026-08-18,AutoParts EU,Alemania,UPS,53,53,113.13,
NOVA-00285,2026-08-07,2026-08-11,2026-08-11,FarmaNorte,Alemania,DB Schenker,56,56,100.47,
NOVA-00286,2026-08-07,2026-08-11,2026-08-15,HomeDeco,Italia,SEUR,29,29,71.30,
NOVA-00287,2026-08-28,2026-08-31,2026-08-30,Alimentos Sur,Portugal,UPS,21,21,60.41,Dirección incorrecta
NOVA-00288,2026-09-10,2026-09-14,2026-09-14,ModaLab,Alemania,DB Schenker,47,47,95.44,
NOVA-00289,2026-08-18,2026-08-20,2026-08-19,TecnoRetail,España,GLS,54,54,41.42,
NOVA-00290,2026-07-28,2026-08-01,2026-08-01,Logimarket,Francia,UPS,62,62,89.29,
NOVA-00291,2026-09-13,2026-09-17,2026-09-17,Iberdis,Alemania,DHL,12,12,99.80,
NOVA-00292,2026-07-10,2026-07-13,2026-07-13,Logimarket,Portugal,GLS,46,46,35.80,
NOVA-00293,2026-08-20,2026-08-24,2026-08-27,Logimarket,Alemania,DB Schenker,46,46,124.39,Retraso en tránsito
NOVA-00294,2026-09-19,2026-09-22,2026-09-23,TecnoRetail,Portugal,DHL,22,22,53.24,Retraso en tránsito
NOVA-00295,2026-08-04,2026-08-08,2026-08-08,TecnoRetail,Italia,DB Schenker,15,15,93.13,
NOVA-00296,2026-08-10,2026-08-12,2026-08-14,AutoParts EU,España,DHL,27,27,47.14,
NOVA-00297,2026-08-08,2026-08-10,2026-08-12,Alimentos Sur,España,DB Schenker,57,57,69.61,Retraso en tránsito
NOVA-00298,2026-09-07,2026-09-09,2026-09-08,Iberdis,España,DHL,40,40,57.32,
NOVA-00299,2026-07-24,2026-07-26,2026-07-26,ModaLab,España,DHL,34,34,45.16,
NOVA-00300,2026-08-29,2026-09-02,2026-09-01,Alimentos Sur,Italia,GLS,47,47,60.00,
NOVA-00301,2026-08-07,2026-08-11,2026-08-14,ModaLab,Italia,SEUR,8,8,57.41,Aduanas
NOVA-00302,2026-07-11,2026-07-15,2026-07-14,AutoParts EU,Italia,GLS,20,20,62.38,
NOVA-00303,2026-07-27,2026-07-31,2026-07-30,ModaLab,Italia,GLS,43,43,55.50,Dirección incorrecta
NOVA-00304,2026-08-11,2026-08-15,2026-08-14,HomeDeco,Francia,DHL,55,55,85.90,
NOVA-00305,2026-07-28,2026-07-31,2026-07-31,ModaLab,Portugal,UPS,47,45,67.40,Entrega parcial
NOVA-00306,2026-07-31,2026-08-04,2026-08-03,Alimentos Sur,Alemania,DB Schenker,6,6,90.37,
NOVA-00307,2026-07-20,2026-07-24,2026-07-24,ModaLab,Alemania,UPS,59,59,97.28,
NOVA-00308,2026-07-29,2026-08-02,2026-08-02,Logimarket,Alemania,DHL,50,47,78.49,Entrega parcial
NOVA-00309,2026-08-27,2026-08-31,2026-08-30,Logimarket,Alemania,SEUR,42,42,77.29,
NOVA-00310,2026-07-05,2026-07-08,2026-07-07,HomeDeco,Portugal,SEUR,57,57,39.22,
NOVA-00311,2026-07-27,2026-07-29,2026-07-28,Alimentos Sur,España,SEUR,37,37,43.43,
NOVA-00312,2026-07-14,2026-07-18,2026-07-18,HomeDeco,Alemania,SEUR,8,8,66.39,
NOVA-00313,2026-09-14,2026-09-17,2026-09-17,Iberdis,Portugal,DB Schenker,21,21,74.11,
NOVA-00314,2026-07-10,2026-07-12,2026-07-16,FarmaNorte,España,SEUR,14,14,34.54,Retraso en tránsito
NOVA-00315,2026-07-12,2026-07-14,2026-07-13,Logimarket,España,SEUR,8,6,34.08,Entrega parcial
NOVA-00316,2026-07-14,2026-07-17,2026-07-17,TecnoRetail,Portugal,DHL,63,63,60.64,
NOVA-00317,2026-08-14,2026-08-16,2026-08-16,Logimarket,España,UPS,51,51,49.65,
NOVA-00318,2026-08-31,2026-09-04,2026-09-04,TecnoRetail,Italia,GLS,49,49,49.22,
NOVA-00319,2026-08-19,2026-08-23,2026-08-23,AutoParts EU,Francia,DHL,28,28,73.90,
NOVA-00320,2026-07-13,2026-07-17,2026-07-17,AutoParts EU,Alemania,SEUR,50,47,81.93,Entrega parcial
NOVA-00321,2026-08-26,2026-08-30,2026-09-03,ModaLab,Alemania,GLS,59,59,68.61,Retraso en tránsito
NOVA-00322,2026-08-13,2026-08-16,2026-08-18,ModaLab,Portugal,DB Schenker,56,56,79.40,Retraso en tránsito
NOVA-00323,2026-07-26,2026-07-30,2026-07-30,Iberdis,Francia,UPS,55,55,84.83,
NOVA-00324,2026-07-27,2026-07-31,2026-08-02,TecnoRetail,Alemania,DB Schenker,34,34,125.28,Retraso en tránsito
NOVA-00325,2026-08-25,2026-08-28,2026-08-27,AutoParts EU,Portugal,DB Schenker,43,39,66.16,Entrega parcial
NOVA-00326,2026-07-08,2026-07-10,2026-07-10,HomeDeco,España,DHL,28,28,41.31,
NOVA-00327,2026-07-29,2026-07-31,2026-07-31,TecnoRetail,España,UPS,60,60,65.11,
NOVA-00328,2026-08-22,2026-08-26,2026-08-26,Logimarket,Alemania,UPS,17,17,94.30,
NOVA-00329,2026-07-17,2026-07-20,2026-07-19,Alimentos Sur,Portugal,DHL,41,40,52.88,Entrega parcial
NOVA-00330,2026-08-31,2026-09-04,2026-09-04,Alimentos Sur,Francia,DHL,22,22,75.10,
NOVA-00331,2026-09-22,2026-09-26,2026-09-26,TecnoRetail,Francia,SEUR,20,20,63.33,
NOVA-00332,2026-07-21,2026-07-25,2026-07-24,AutoParts EU,Italia,GLS,30,30,58.20,
NOVA-00333,2026-07-08,2026-07-11,2026-07-10,Logimarket,Portugal,SEUR,25,25,43.02,
NOVA-00334,2026-08-30,2026-09-01,2026-08-31,TecnoRetail,España,GLS,38,38,28.63,
NOVA-00335,2026-09-17,2026-09-20,2026-09-24,FarmaNorte,Portugal,SEUR,19,19,34.33,Aduanas
NOVA-00336,2026-09-02,2026-09-05,2026-09-05,Iberdis,Portugal,GLS,33,33,42.68,
NOVA-00337,2026-09-10,2026-09-14,2026-09-14,AutoParts EU,Italia,DB Schenker,55,55,108.40,
NOVA-00338,2026-08-07,2026-08-11,2026-08-11,HomeDeco,Alemania,GLS,43,43,52.35,
NOVA-00339,2026-09-16,2026-09-20,2026-09-20,AutoParts EU,Alemania,SEUR,44,44,60.12,
NOVA-00340,2026-07-22,2026-07-26,2026-07-25,FarmaNorte,Francia,SEUR,32,32,59.76,
NOVA-00341,2026-07-08,2026-07-10,2026-07-10,AutoParts EU,España,DHL,31,31,44.48,
NOVA-00342,2026-07-04,2026-07-06,2026-07-06,Iberdis,España,DB Schenker,28,28,72.66,
NOVA-00343,2026-07-03,2026-07-06,2026-07-06,Logimarket,Portugal,DHL,63,63,52.37,
NOVA-00344,2026-09-13,2026-09-17,2026-09-17,HomeDeco,Alemania,GLS,14,14,67.63,
NOVA-00345,2026-07-29,2026-08-02,2026-08-01,ModaLab,Alemania,DHL,26,26,74.12,
NOVA-00346,2026-09-16,2026-09-18,2026-09-18,FarmaNorte,España,UPS,21,21,47.54,
NOVA-00347,2026-08-10,2026-08-14,2026-08-15,Logimarket,Francia,SEUR,35,35,57.47,Retraso en tránsito
NOVA-00348,2026-08-06,2026-08-09,2026-08-09,FarmaNorte,Portugal,DB Schenker,52,52,62.50,
NOVA-00349,2026-09-17,2026-09-19,2026-09-18,Iberdis,España,SEUR,12,11,29.54,Entrega parcial
NOVA-00350,2026-08-08,2026-08-11,2026-08-11,ModaLab,Portugal,DHL,44,44,60.81,
NOVA-00351,2026-08-07,2026-08-11,2026-08-11,HomeDeco,Alemania,DHL,37,37,72.76,
NOVA-00352,2026-08-25,2026-08-29,2026-08-28,TecnoRetail,Italia,GLS,12,12,55.59,Dirección incorrecta
NOVA-00353,2026-08-25,2026-08-29,2026-08-31,HomeDeco,Alemania,DB Schenker,38,38,97.62,Retraso en tránsito
NOVA-00354,2026-09-20,2026-09-24,2026-09-24,Logimarket,Francia,SEUR,39,39,64.76,
NOVA-00355,2026-09-19,2026-09-22,2026-09-22,TecnoRetail,Portugal,GLS,17,17,39.30,
NOVA-00356,2026-08-27,2026-08-29,2026-08-29,Logimarket,España,GLS,62,62,39.62,
NOVA-00357,2026-07-04,2026-07-08,2026-07-08,FarmaNorte,Italia,DB Schenker,15,15,80.05,
NOVA-00358,2026-08-05,2026-08-07,2026-08-07,FarmaNorte,España,SEUR,54,54,48.30,
NOVA-00359,2026-08-09,2026-08-11,2026-08-11,FarmaNorte,España,SEUR,13,13,27.83,
NOVA-00360,2026-09-15,2026-09-19,2026-09-18,TecnoRetail,Italia,GLS,23,23,58.98,
NOVA-00361,2026-09-03,2026-09-06,2026-09-07,Iberdis,Portugal,DB Schenker,29,29,76.93,Retraso en tránsito
NOVA-00362,2026-08-26,2026-08-28,2026-08-27,AutoParts EU,España,GLS,31,31,27.49,
NOVA-00363,2026-07-22,2026-07-26,2026-07-28,ModaLab,Francia,SEUR,15,15,55.97,Retraso en tránsito
NOVA-00364,2026-09-08,2026-09-11,2026-09-10,Iberdis,Portugal,DB Schenker,23,23,84.95,
NOVA-00365,2026-08-22,2026-08-25,2026-08-24,AutoParts EU,Portugal,UPS,32,32,72.00,
NOVA-00366,2026-07-21,2026-07-25,2026-07-25,Logimarket,Alemania,GLS,24,24,70.09,
NOVA-00367,2026-09-06,2026-09-10,2026-09-10,Iberdis,Italia,DHL,43,43,98.86,
NOVA-00368,2026-08-26,2026-08-28,2026-08-27,AutoParts EU,España,UPS,45,45,63.19,
NOVA-00369,2026-08-23,2026-08-27,2026-08-27,FarmaNorte,Francia,DHL,26,26,76.53,
NOVA-00370,2026-07-27,2026-07-31,2026-07-31,TecnoRetail,Francia,UPS,8,8,83.04,
NOVA-00371,2026-09-06,2026-09-10,2026-09-10,TecnoRetail,Francia,UPS,33,33,73.59,
NOVA-00372,2026-07-26,2026-07-30,2026-07-30,Iberdis,Italia,SEUR,64,64,77.34,
NOVA-00373,2026-08-13,2026-08-17,2026-08-16,Logimarket,Francia,DB Schenker,49,49,85.37,
NOVA-00374,2026-08-20,2026-08-24,2026-08-24,HomeDeco,Francia,UPS,39,39,71.89,
NOVA-00375,2026-07-25,2026-07-29,2026-08-02,TecnoRetail,Francia,DB Schenker,39,39,81.03,Retraso en tránsito
NOVA-00376,2026-07-28,2026-08-01,2026-08-01,TecnoRetail,Alemania,DB Schenker,11,10,119.81,Entrega parcial
NOVA-00377,2026-08-28,2026-08-30,2026-08-31,Alimentos Sur,España,DHL,41,41,40.14,
NOVA-00378,2026-08-10,2026-08-14,2026-08-14,Alimentos Sur,Alemania,DHL,32,32,82.72,
NOVA-00379,2026-09-05,2026-09-07,2026-09-06,TecnoRetail,España,UPS,39,39,63.68,
NOVA-00380,2026-08-15,2026-08-18,2026-08-17,HomeDeco,Portugal,SEUR,63,63,56.74,
NOVA-00381,2026-07-29,2026-08-02,2026-08-01,ModaLab,Italia,SEUR,63,63,76.56,
NOVA-00382,2026-07-14,2026-07-18,2026-07-17,Iberdis,Francia,GLS,49,49,43.50,
NOVA-00383,2026-08-22,2026-08-25,2026-08-24,HomeDeco,Portugal,GLS,41,41,44.06,
NOVA-00384,2026-07-15,2026-07-19,2026-07-19,Alimentos Sur,Francia,SEUR,51,51,64.59,Dirección incorrecta
NOVA-00385,2026-08-02,2026-08-04,2026-08-04,FarmaNorte,España,DHL,8,8,51.75,
NOVA-00386,2026-09-15,2026-09-17,2026-09-17,ModaLab,España,UPS,42,42,45.31,
NOVA-00387,2026-07-03,2026-07-07,2026-07-06,AutoParts EU,Italia,GLS,43,43,58.55,
NOVA-00388,2026-07-04,2026-07-08,2026-07-08,Logimarket,Francia,SEUR,32,32,56.91,
NOVA-00389,2026-07-13,2026-07-15,2026-07-15,AutoParts EU,España,DB Schenker,17,17,48.81,
NOVA-00390,2026-07-08,2026-07-12,2026-07-12,HomeDeco,Italia,SEUR,31,31,65.62,
NOVA-00391,2026-08-23,2026-08-27,2026-08-27,Iberdis,Italia,SEUR,23,23,49.33,
NOVA-00392,2026-07-22,2026-07-24,2026-07-24,Logimarket,España,UPS,45,45,52.63,
NOVA-00393,2026-08-04,2026-08-08,2026-08-08,Iberdis,Italia,SEUR,57,57,69.71,
NOVA-00394,2026-09-16,2026-09-20,2026-09-22,AutoParts EU,Alemania,DB Schenker,43,43,123.34,Retraso en tránsito
NOVA-00395,2026-09-03,2026-09-07,2026-09-10,ModaLab,Francia,SEUR,31,31,61.87,Aduanas
NOVA-00396,2026-08-07,2026-08-11,2026-08-10,TecnoRetail,Alemania,DHL,35,35,72.22,
NOVA-00397,2026-07-26,2026-07-30,2026-07-30,Alimentos Sur,Francia,SEUR,23,23,46.16,
NOVA-00398,2026-07-07,2026-07-11,2026-07-10,Iberdis,Italia,DB Schenker,8,8,83.93,
NOVA-00399,2026-08-16,2026-08-18,2026-08-17,HomeDeco,España,UPS,22,22,50.70,
NOVA-00400,2026-07-04,2026-07-07,2026-07-09,ModaLab,Portugal,DB Schenker,43,43,91.98,Retraso en tránsito
NOVA-00401,2026-07-14,2026-07-18,2026-07-18,AutoParts EU,Alemania,DB Schenker,11,11,134.90,
NOVA-00402,2026-07-23,2026-07-26,2026-07-26,HomeDeco,Portugal,GLS,6,6,37.51,
NOVA-00403,2026-08-11,2026-08-15,2026-08-15,Alimentos Sur,Alemania,UPS,43,41,99.60,Entrega parcial
NOVA-00404,2026-07-10,2026-07-14,2026-07-13,HomeDeco,Alemania,DHL,23,23,100.14,
NOVA-00405,2026-09-06,2026-09-10,2026-09-12,FarmaNorte,Francia,UPS,60,60,77.13,Retraso en tránsito
NOVA-00406,2026-09-18,2026-09-20,2026-09-20,Logimarket,España,DHL,23,23,44.31,
NOVA-00407,2026-07-08,2026-07-10,2026-07-14,Alimentos Sur,España,DHL,34,34,54.72,Retraso en tránsito
NOVA-00408,2026-08-08,2026-08-12,2026-08-12,ModaLab,Italia,DB Schenker,48,48,98.32,
NOVA-00409,2026-07-21,2026-07-25,2026-07-29,ModaLab,Italia,DB Schenker,14,14,116.32,
NOVA-00410,2026-07-30,2026-08-01,2026-07-31,Alimentos Sur,España,UPS,6,6,57.48,
NOVA-00411,2026-09-03,2026-09-05,2026-09-04,Alimentos Sur,España,DHL,33,33,40.14,
NOVA-00412,2026-07-04,2026-07-06,2026-07-06,ModaLab,España,UPS,37,37,59.01,
NOVA-00413,2026-08-12,2026-08-16,2026-08-16,Iberdis,Francia,UPS,42,42,77.21,
NOVA-00414,2026-07-23,2026-07-27,2026-07-28,Alimentos Sur,Francia,SEUR,6,6,47.96,Retraso en tránsito
NOVA-00415,2026-07-12,2026-07-15,2026-07-15,Iberdis,Portugal,UPS,21,21,62.80,
NOVA-00416,2026-09-21,2026-09-25,2026-09-24,FarmaNorte,Italia,DHL,43,43,94.29,
NOVA-00417,2026-09-04,2026-09-06,2026-09-05,Iberdis,España,GLS,25,25,37.28,
NOVA-00418,2026-08-12,2026-08-15,2026-08-15,TecnoRetail,Portugal,UPS,28,28,58.56,
NOVA-00419,2026-07-06,2026-07-10,2026-07-09,ModaLab,Italia,SEUR,44,44,73.84,
NOVA-00420,2026-09-07,2026-09-10,2026-09-10,Logimarket,Portugal,GLS,24,22,34.49,Entrega parcial
